rosquilla,cantidad
Rosquilla de Filete,52
Rosquilla de Tacos,12
Rosquilla de Uva,62
Rosquilla de Champiñones,90
Rosquilla de Carne,22
Rosquilla de Filete,19
Rosquilla de Uva,64
Rosquilla de Carne,62
Rosquilla de Maíz,79
Rosquilla de Carne,41
Rosquilla de Maíz,57
Rosquilla de Tacos,87
Rosquilla de Bagel,49
Rosquilla de Miel,55
Rosquilla de Bagel,24
Rosquilla de Carne,63
Rosquilla de Galleta,71
Rosquilla de Galleta,94
Rosquilla de Brócoli,105
Rosquilla Vegana,6
Rosquilla de Uva,12
Rosquilla de Granja,73
Rosquilla de Filete,90
Rosquilla de Miel,77
Rosquilla de Tacos,83
Rosquilla de Bagel,10
Rosquilla de Bagel,82
Rosquilla de Carne,99
Rosquilla de Tacos,13
Rosquilla de Filete,89
Rosquilla de Zanahoria,7
Rosquilla de Zanahoria,109
Rosquilla de Galleta,92
Rosquilla de Fresa,72
Rosquilla de Bagel,44
Rosquilla de Fresa,103
Rosquilla de Banana,88
Rosquilla de Bagel,52
Rosquilla de Brócoli,109
Rosquilla de Queso,12
Rosquilla de Banana,47
Rosquilla de Hamburguesa,21
Rosquilla de Queso,104
Rosquilla de Brócoli,91
Rosquilla de Hamburguesa,61
Rosquilla de Banana,26
Rosquilla de Fresa,6
Rosquilla de Hamburguesa,66
Rosquilla de Carne,47
Rosquilla de Maíz,35
Rosquilla de Maíz,87
Rosquilla de Tocino,75
Rosquilla de Fresa,35
Rosquilla Vegana,26
Rosquilla de Banana,2
Rosquilla de Galleta,11
Rosquilla de Queso,34
Rosquilla de Uva,33
Rosquilla de Brócoli,62
Rosquilla de Queso,45
Rosquilla Vegana,96
Rosquilla de Uva,89
Rosquilla de Galleta,95
Rosquilla de Fresa,46
Rosquilla de Tocino,46
Rosquilla de Banana,50
Rosquilla de Tacos,43
Rosquilla de Maíz,78
Rosquilla de Banana,109
Rosquilla de Galleta,6
Rosquilla de Galleta,41
Rosquilla de Zanahoria,7
Rosquilla de Tocino,1
Rosquilla de Queso,87
Rosquilla de Tocino,11
Rosquilla de Uva,51
Rosquilla de Miel,86
Rosquilla de Queso,50
Rosquilla de Granja,103
Rosquilla de Filete,69
Rosquilla de Hamburguesa,61
Rosquilla de Queso,109
Rosquilla de Filete,44
Rosquilla de Queso,109
Rosquilla de Hamburguesa,61
Rosquilla de Maíz,98
Rosquilla de Queso,87
Rosquilla Vegana,28
Rosquilla de Maíz,100
Rosquilla de Zanahoria,60
Rosquilla de Uva,56
Rosquilla de Carne,49
Rosquilla Vegana,74
Rosquilla de Filete,54
Rosquilla de Banana,21
Rosquilla de Fresa,31
Rosquilla de Maíz,34
Rosquilla de Tocino,3
Rosquilla de Tocino,61
Rosquilla de Tacos,56
Rosquilla de Granja,17
Rosquilla de Granja,59
Rosquilla de Hamburguesa,76
Rosquilla de Miel,59
Rosquilla Vegana,85
Rosquilla de Miel,63
Rosquilla de Galleta,53
Rosquilla de Queso,38
Rosquilla de Banana,43
Rosquilla de Maíz,68
Rosquilla de Hamburguesa,93
Rosquilla de Tocino,59
Rosquilla de Galleta,55
Rosquilla de Bagel,69
Rosquilla de Tocino,104
Rosquilla de Maíz,51
Rosquilla de Miel,77
Rosquilla de Miel,22
Rosquilla de Granja,45
Rosquilla de Champiñones,105
Rosquilla de Queso,76
Rosquilla de Zanahoria,106
Rosquilla de Granja,57
Rosquilla de Bagel,108
Rosquilla de Banana,5
Rosquilla de Maíz,32
Rosquilla de Granja,55
Rosquilla de Queso,95
Rosquilla de Uva,10
Rosquilla de Hamburguesa,34
Rosquilla de Fresa,17
Rosquilla de Queso,108
Rosquilla de Queso,8
Rosquilla de Tocino,28
Rosquilla de Maíz,10
Rosquilla de Filete,69
Rosquilla de Champiñones,17
Rosquilla de Galleta,80
Rosquilla de Galleta,82
Rosquilla de Hamburguesa,78
Rosquilla de Filete,75
Rosquilla de Maíz,100
Rosquilla de Queso,4
Rosquilla de Champiñones,10
Rosquilla de Champiñones,103
Rosquilla de Banana,93
Rosquilla de Tacos,56
Rosquilla de Granja,80
Rosquilla de Uva,57
Rosquilla de Queso,88
Rosquilla de Carne,85
Rosquilla de Brócoli,84
Rosquilla de Hamburguesa,20
Rosquilla de Champiñones,61
Rosquilla de Zanahoria,89
Rosquilla de Brócoli,83
Rosquilla de Maíz,61
Rosquilla de Filete,109
Rosquilla Vegana,61
Rosquilla de Uva,30
Rosquilla de Banana,74
Rosquilla de Champiñones,22
Rosquilla de Brócoli,12
Rosquilla de Fresa,95
Rosquilla de Maíz,36
Rosquilla de Hamburguesa,70
Rosquilla de Carne,97
Rosquilla Vegana,22
Rosquilla de Champiñones,108
Rosquilla de Hamburguesa,56
Rosquilla de Carne,21
Rosquilla de Filete,60
Rosquilla de Fresa,5
Rosquilla de Uva,3
Rosquilla de Carne,80
Rosquilla de Maíz,25
Rosquilla de Filete,8
Rosquilla de Bagel,58
Rosquilla de Miel,14
Rosquilla de Banana,53
Rosquilla de Tocino,32
Rosquilla de Hamburguesa,6
Rosquilla de Zanahoria,92
Rosquilla de Uva,13
Rosquilla de Banana,93
Rosquilla Vegana,23
Rosquilla de Carne,23
Rosquilla de Hamburguesa,37
Rosquilla de Zanahoria,16
Rosquilla de Banana,13
Rosquilla de Granja,96
Rosquilla de Galleta,16
Rosquilla Vegana,38
Rosquilla de Carne,49
Rosquilla de Brócoli,37
Rosquilla de Queso,76
Rosquilla Vegana,92
Rosquilla de Maíz,46
Rosquilla de Queso,98
Rosquilla de Miel,44
Rosquilla de Filete,9
Rosquilla de Miel,76
Rosquilla de Uva,106
Rosquilla de Bagel,52
Rosquilla de Granja,11
Rosquilla de Maíz,98
Rosquilla de Granja,58
Rosquilla de Uva,13
Rosquilla de Tocino,39
Rosquilla de Fresa,59
Rosquilla de Carne,33
Rosquilla Vegana,96
Rosquilla de Filete,71
Rosquilla de Galleta,41
Rosquilla de Fresa,76
Rosquilla de Uva,86
Rosquilla de Queso,28
Rosquilla de Champiñones,82
Rosquilla de Maíz,2
Rosquilla de Brócoli,56
Rosquilla de Banana,106
Rosquilla de Tacos,72
Rosquilla de Fresa,58
Rosquilla de Tacos,102
Rosquilla de Zanahoria,70
Rosquilla de Champiñones,78
Rosquilla de Tacos,14
Rosquilla de Miel,70
Rosquilla de Granja,21
Rosquilla de Queso,65
Rosquilla de Hamburguesa,49
Rosquilla de Banana,64
Rosquilla de Banana,69
Rosquilla de Banana,48
Rosquilla de Tocino,91
Rosquilla de Fresa,70
Rosquilla de Galleta,92
Rosquilla de Hamburguesa,90
Rosquilla de Banana,18
Rosquilla de Carne,43
Rosquilla de Banana,92
Rosquilla de Tacos,95
Rosquilla de Galleta,18
Rosquilla de Carne,90
Rosquilla de Fresa,44
Rosquilla de Queso,8
Rosquilla de Uva,62
Rosquilla de Granja,95
Rosquilla de Zanahoria,93
Rosquilla de Maíz,92
Rosquilla de Banana,35
Rosquilla de Maíz,58
Rosquilla de Banana,6
Rosquilla de Uva,102
Rosquilla de Brócoli,15
Rosquilla de Champiñones,39
Rosquilla de Fresa,63
Rosquilla de Uva,47
Rosquilla de Tacos,16
Rosquilla de Fresa,2
Rosquilla de Queso,95
Rosquilla de Queso,50
Rosquilla de Champiñones,58
Rosquilla de Uva,9
Rosquilla de Miel,104
Rosquilla de Granja,10
Rosquilla de Tocino,45
Rosquilla Vegana,30
Rosquilla de Maíz,38
Rosquilla de Tocino,6
Rosquilla de Granja,64
Rosquilla de Galleta,98
Rosquilla de Champiñones,35
Rosquilla de Miel,27
Rosquilla de Carne,83
Rosquilla de Uva,65
Rosquilla de Granja,29
Rosquilla de Carne,87
Rosquilla de Champiñones,16
Rosquilla de Uva,65
Rosquilla de Carne,27
Rosquilla de Brócoli,13
Rosquilla de Galleta,43
Rosquilla de Carne,24
Rosquilla de Carne,25
Rosquilla de Uva,77
Rosquilla de Hamburguesa,30
Rosquilla de Uva,51
Rosquilla de Zanahoria,96
Rosquilla de Tacos,68
Rosquilla de Miel,103
Rosquilla de Zanahoria,87
Rosquilla de Banana,70
Rosquilla de Fresa,102
Rosquilla de Galleta,104
Rosquilla de Champiñones,4
Rosquilla de Zanahoria,39
Rosquilla Vegana,7
Rosquilla de Tacos,30
Rosquilla de Hamburguesa,39
Rosquilla de Granja,16
Rosquilla de Galleta,2
Rosquilla de Bagel,2
Rosquilla de Queso,4
Rosquilla de Fresa,103
Rosquilla de Hamburguesa,64
Rosquilla de Queso,31
Rosquilla de Banana,19
Rosquilla de Hamburguesa,80
Rosquilla de Champiñones,38
Rosquilla de Brócoli,95
Rosquilla de Hamburguesa,103
Rosquilla de Carne,22
Rosquilla de Galleta,44
Rosquilla de Brócoli,15
Rosquilla de Tacos,94
Rosquilla de Maíz,92
Rosquilla de Miel,19
Rosquilla de Bagel,19
Rosquilla de Granja,39
Rosquilla de Uva,83
Rosquilla de Hamburguesa,1
Rosquilla de Bagel,2
Rosquilla de Tacos,104
Rosquilla de Galleta,99
Rosquilla de Granja,25
Rosquilla de Bagel,42
Rosquilla de Queso,17
Rosquilla de Zanahoria,24
Rosquilla de Granja,109
Rosquilla de Miel,70
Rosquilla de Bagel,96
Rosquilla de Carne,43
Rosquilla de Queso,3
Rosquilla de Bagel,16
Rosquilla de Tacos,62
Rosquilla de Queso,9
Rosquilla de Hamburguesa,50
Rosquilla de Fresa,98
Rosquilla de Maíz,102
Rosquilla de Galleta,45
Rosquilla de Tocino,21
Rosquilla de Hamburguesa,37
Rosquilla Vegana,69
Rosquilla de Miel,21
Rosquilla de Maíz,108
Rosquilla de Fresa,62
Rosquilla de Zanahoria,15
Rosquilla de Queso,37
Rosquilla de Fresa,77
Rosquilla de Miel,11
Rosquilla de Miel,81
Rosquilla de Tocino,6
Rosquilla de Brócoli,97
Rosquilla de Filete,18
Rosquilla de Brócoli,106
Rosquilla de Maíz,77
Rosquilla de Galleta,42
Rosquilla de Brócoli,68
Rosquilla de Hamburguesa,23
Rosquilla de Carne,98
Rosquilla de Carne,62
Rosquilla de Zanahoria,2
Rosquilla de Tacos,61
Rosquilla de Tocino,82
Rosquilla de Tocino,26
Rosquilla de Champiñones,59
Rosquilla de Granja,84
Rosquilla de Bagel,4
Rosquilla de Granja,42
Rosquilla de Maíz,72
Rosquilla de Miel,6
Rosquilla de Carne,52
Rosquilla de Champiñones,59
Rosquilla de Queso,25
Rosquilla de Hamburguesa,94
Rosquilla de Queso,51
Rosquilla de Tacos,41
Rosquilla de Maíz,29
Rosquilla de Bagel,73
Rosquilla de Tacos,93
Rosquilla de Tocino,81
Rosquilla de Uva,38
Rosquilla de Galleta,4
Rosquilla de Tacos,71
Rosquilla de Carne,39
Rosquilla de Tocino,75
Rosquilla de Bagel,89
Rosquilla de Carne,109
Rosquilla de Fresa,48
Rosquilla Vegana,70
Rosquilla de Hamburguesa,5
Rosquilla de Carne,39
Rosquilla de Bagel,70
Rosquilla de Uva,10
Rosquilla de Queso,58
Rosquilla de Galleta,67
Rosquilla de Zanahoria,44
Rosquilla de Hamburguesa,29
Rosquilla de Maíz,24
Rosquilla de Queso,35
Rosquilla de Granja,48
Rosquilla de Queso,19
Rosquilla de Tocino,55
Rosquilla de Uva,96
Rosquilla de Fresa,93
Rosquilla de Queso,97
Rosquilla de Zanahoria,96
Rosquilla de Tacos,106
Rosquilla de Brócoli,96
Rosquilla de Queso,102
Rosquilla de Brócoli,61
Rosquilla de Queso,48
Rosquilla de Uva,51
Rosquilla de Champiñones,25
Rosquilla de Miel,53
Rosquilla de Galleta,64
Rosquilla de Queso,78
Rosquilla Vegana,58
Rosquilla de Filete,73
Rosquilla de Hamburguesa,74
Rosquilla de Carne,53
Rosquilla de Miel,63
Rosquilla de Tocino,17
Rosquilla de Bagel,63
Rosquilla de Bagel,89
Rosquilla de Hamburguesa,94
Rosquilla de Champiñones,67
Rosquilla de Champiñones,55
Rosquilla de Tocino,22
Rosquilla de Miel,101
Rosquilla de Uva,92
Rosquilla de Brócoli,71
Rosquilla de Maíz,44
Rosquilla de Hamburguesa,4
Rosquilla de Champiñones,87
Rosquilla de Brócoli,107
Rosquilla de Hamburguesa,45
Rosquilla de Miel,82
Rosquilla de Miel,81
Rosquilla de Bagel,98
Rosquilla de Tacos,73
Rosquilla de Uva,31
Rosquilla de Filete,31
Rosquilla de Tacos,80
Rosquilla de Carne,82
Rosquilla de Queso,3
Rosquilla de Champiñones,37
Rosquilla de Carne,54
Rosquilla de Miel,80
Rosquilla de Champiñones,28
Rosquilla de Tocino,75
Rosquilla Vegana,93
Rosquilla Vegana,79
Rosquilla de Bagel,107
Rosquilla de Granja,9
Rosquilla de Banana,50
Rosquilla de Bagel,29
Rosquilla de Brócoli,67
Rosquilla de Tocino,96
Rosquilla de Maíz,90
Rosquilla de Miel,88
Rosquilla de Zanahoria,75
Rosquilla de Bagel,20
Rosquilla de Hamburguesa,72
Rosquilla de Champiñones,99
Rosquilla de Maíz,82
Rosquilla de Bagel,14
Rosquilla de Banana,34
Rosquilla de Bagel,87
Rosquilla de Queso,39
Rosquilla de Maíz,56
Rosquilla Vegana,70
Rosquilla de Carne,106
Rosquilla de Miel,104
Rosquilla de Maíz,58
Rosquilla de Bagel,15
Rosquilla de Champiñones,79
Rosquilla de Carne,71
Rosquilla de Hamburguesa,11
Rosquilla de Bagel,61
Rosquilla de Champiñones,79
Rosquilla de Queso,88
Rosquilla de Banana,63
Rosquilla Vegana,98
Rosquilla de Miel,31
Rosquilla de Zanahoria,9
Rosquilla de Queso,16
Rosquilla de Queso,80
Rosquilla de Maíz,29
Rosquilla de Granja,64
Rosquilla de Brócoli,53
Rosquilla de Brócoli,11
Rosquilla de Tocino,46
Rosquilla de Brócoli,16
Rosquilla de Galleta,51
Rosquilla de Miel,70
Rosquilla de Zanahoria,40
Rosquilla de Granja,74
Rosquilla de Champiñones,11
Rosquilla de Brócoli,71
Rosquilla de Champiñones,17
Rosquilla Vegana,47
Rosquilla de Granja,11
Rosquilla de Galleta,37
Rosquilla de Zanahoria,80
Rosquilla de Tocino,107
Rosquilla de Hamburguesa,101
Rosquilla de Tacos,52
Rosquilla de Bagel,78
Rosquilla de Tocino,18
Rosquilla de Miel,89
Rosquilla de Champiñones,42
Rosquilla de Granja,6
Rosquilla de Brócoli,17
Rosquilla de Tacos,53
Rosquilla de Miel,78
Rosquilla de Tocino,42
Rosquilla de Brócoli,4
Rosquilla de Queso,36
Rosquilla de Granja,14
Rosquilla de Champiñones,66
Rosquilla de Banana,97
Rosquilla de Hamburguesa,70
Rosquilla de Banana,72
Rosquilla de Queso,43
Rosquilla de Zanahoria,46
Rosquilla de Filete,32
Rosquilla de Banana,76
Rosquilla de Galleta,107
Rosquilla de Uva,81
Rosquilla de Miel,5
Rosquilla de Banana,28
Rosquilla de Granja,106
Rosquilla de Miel,25
Rosquilla de Tacos,51
Rosquilla Vegana,97
Rosquilla de Uva,14
Rosquilla de Tocino,86
Rosquilla de Queso,63
Rosquilla de Maíz,13
Rosquilla de Maíz,53
Rosquilla de Miel,62
Rosquilla de Hamburguesa,35
Rosquilla de Queso,47
Rosquilla de Galleta,98
Rosquilla Vegana,79
Rosquilla de Carne,61
Rosquilla de Banana,78
Rosquilla de Carne,35
Rosquilla de Zanahoria,93
Rosquilla Vegana,70
Rosquilla de Galleta,21
Rosquilla de Banana,44
Rosquilla de Queso,92
Rosquilla de Uva,69
Rosquilla de Carne,57
Rosquilla de Bagel,51
Rosquilla de Champiñones,107
Rosquilla de Zanahoria,37
Rosquilla de Queso,54
Rosquilla de Champiñones,71
Rosquilla de Granja,23
Rosquilla de Tocino,85
Rosquilla de Bagel,78
Rosquilla de Banana,82
Rosquilla de Galleta,34
Rosquilla de Tocino,19
Rosquilla de Queso,18
Rosquilla de Tocino,1
Rosquilla de Filete,75
Rosquilla de Uva,72
Rosquilla de Carne,35
Rosquilla Vegana,87
Rosquilla de Fresa,98
Rosquilla de Queso,62
Rosquilla de Tacos,6
Rosquilla de Bagel,103
Rosquilla de Hamburguesa,63
Rosquilla de Bagel,51
Rosquilla de Queso,79
Rosquilla de Uva,51
Rosquilla de Fresa,37
Rosquilla de Tacos,50
Rosquilla de Galleta,54
Rosquilla Vegana,57
Rosquilla de Banana,65
Rosquilla de Banana,65
Rosquilla Vegana,12
Rosquilla de Zanahoria,96
Rosquilla de Miel,74
Rosquilla de Miel,33
Rosquilla de Carne,14
Rosquilla de Banana,91
Rosquilla de Carne,48
Rosquilla de Uva,23
Rosquilla Vegana,72
Rosquilla de Carne,96
Rosquilla de Bagel,4
Rosquilla de Bagel,105
Rosquilla de Hamburguesa,101
Rosquilla de Filete,71
Rosquilla Vegana,59
Rosquilla de Bagel,33
Rosquilla de Zanahoria,30
Rosquilla de Maíz,93
Rosquilla de Filete,83
Rosquilla de Miel,38
Rosquilla de Tacos,13
Rosquilla de Fresa,32
Rosquilla de Carne,103
Rosquilla de Uva,28
Rosquilla Vegana,39
Rosquilla de Tacos,13
Rosquilla de Bagel,109
Rosquilla de Tacos,83
Rosquilla Vegana,24
Rosquilla de Miel,49
Rosquilla de Granja,40
Rosquilla de Brócoli,82
Rosquilla de Tacos,45
Rosquilla de Hamburguesa,109
Rosquilla de Queso,62
Rosquilla de Tocino,26
Rosquilla de Galleta,48
Rosquilla de Carne,32
Rosquilla de Brócoli,71
Rosquilla de Hamburguesa,8
Rosquilla de Miel,35
Rosquilla de Brócoli,62
Rosquilla de Tocino,43
Rosquilla de Fresa,84
Rosquilla de Uva,63
Rosquilla de Banana,17
Rosquilla de Queso,109
Rosquilla de Queso,96
Rosquilla de Zanahoria,93
Rosquilla de Granja,27
Rosquilla de Tocino,31
Rosquilla de Carne,39
Rosquilla de Fresa,82
Rosquilla de Galleta,15
Rosquilla de Banana,20
Rosquilla Vegana,81
Rosquilla de Filete,89
Rosquilla de Tacos,54
Rosquilla Vegana,73
Rosquilla de Bagel,7
Rosquilla de Granja,103
Rosquilla de Maíz,62
Rosquilla de Maíz,87
Rosquilla de Miel,97
Rosquilla de Galleta,97
Rosquilla de Carne,4
Rosquilla de Miel,40
Rosquilla de Uva,87
Rosquilla de Queso,9
Rosquilla de Maíz,14
Rosquilla Vegana,32
Rosquilla de Zanahoria,22
Rosquilla de Filete,68
Rosquilla de Granja,66
Rosquilla de Maíz,54
Rosquilla de Banana,46
Rosquilla de Miel,46
Rosquilla de Granja,50
Rosquilla de Fresa,32
Rosquilla Vegana,6
Rosquilla de Fresa,74
Rosquilla de Granja,1
Rosquilla de Banana,31
Rosquilla de Miel,79
Rosquilla de Galleta,86
Rosquilla de Carne,91
Rosquilla de Brócoli,3
Rosquilla de Granja,73
Rosquilla de Galleta,19
Rosquilla de Queso,35
Rosquilla de Uva,108
Rosquilla de Tacos,4
Rosquilla de Uva,37
Rosquilla de Uva,57
Rosquilla de Fresa,78
Rosquilla de Granja,89
Rosquilla de Granja,51
Rosquilla de Granja,101
Rosquilla de Banana,44
Rosquilla de Queso,103
Rosquilla de Fresa,14
Rosquilla de Hamburguesa,12
Rosquilla de Brócoli,74
Rosquilla de Banana,67
Rosquilla de Hamburguesa,106
Rosquilla de Uva,75
Rosquilla de Miel,99
Rosquilla de Tocino,34
Rosquilla de Galleta,51
Rosquilla de Carne,51
Rosquilla de Tocino,45
Rosquilla de Brócoli,45
Rosquilla de Zanahoria,77
Rosquilla de Galleta,96
Rosquilla de Brócoli,27
Rosquilla de Maíz,69
Rosquilla de Tacos,3
Rosquilla de Uva,78
Rosquilla de Zanahoria,82
Rosquilla de Zanahoria,28
Rosquilla de Hamburguesa,62
Rosquilla de Tacos,107
Rosquilla de Uva,23
Rosquilla de Maíz,81
Rosquilla de Queso,38
Rosquilla de Galleta,53
Rosquilla de Banana,66
Rosquilla de Uva,42
Rosquilla de Fresa,28
Rosquilla de Carne,27
Rosquilla de Queso,87
Rosquilla de Filete,108
Rosquilla de Uva,58
Rosquilla de Fresa,76
Rosquilla de Carne,59
Rosquilla de Tocino,80
Rosquilla de Fresa,37
Rosquilla de Miel,14
Rosquilla de Filete,86
Rosquilla de Galleta,67
Rosquilla Vegana,43
Rosquilla de Bagel,74
Rosquilla de Hamburguesa,90
Rosquilla de Carne,46
Rosquilla de Carne,99
Rosquilla de Tocino,23
Rosquilla de Champiñones,108
Rosquilla de Tocino,101
Rosquilla de Fresa,46
Rosquilla de Queso,19
Rosquilla de Granja,107
Rosquilla de Maíz,96
Rosquilla de Tocino,62
Rosquilla de Tacos,88
Rosquilla de Granja,96
Rosquilla Vegana,89
Rosquilla de Brócoli,51
Rosquilla de Fresa,25
Rosquilla de Miel,85
Rosquilla de Banana,87
Rosquilla de Brócoli,100
Rosquilla de Granja,64
Rosquilla de Banana,47
Rosquilla de Bagel,90
Rosquilla de Fresa,83
Rosquilla de Granja,4
Rosquilla de Zanahoria,50
Rosquilla de Miel,67
Rosquilla de Zanahoria,82
Rosquilla de Bagel,63
Rosquilla de Tacos,20
Rosquilla de Galleta,87
Rosquilla de Queso,34
Rosquilla de Miel,97
Rosquilla de Miel,78
Rosquilla de Carne,27
Rosquilla de Tacos,15
Rosquilla de Maíz,93
Rosquilla de Bagel,70
Rosquilla de Miel,76
Rosquilla de Brócoli,5
Rosquilla de Champiñones,40
Rosquilla de Carne,87
Rosquilla de Queso,94
Rosquilla de Bagel,45
Rosquilla de Champiñones,31
Rosquilla de Galleta,27
Rosquilla de Bagel,39
Rosquilla de Maíz,62
Rosquilla de Hamburguesa,54
Rosquilla de Bagel,88
Rosquilla de Tacos,98
Rosquilla de Tocino,64
Rosquilla de Maíz,79
Rosquilla de Queso,82
Rosquilla de Carne,29
Rosquilla de Tacos,69
Rosquilla de Granja,23
Rosquilla de Champiñones,55
Rosquilla de Filete,9
Rosquilla de Hamburguesa,84
Rosquilla de Tocino,48
Rosquilla de Miel,15
Rosquilla de Tocino,37
Rosquilla de Filete,46
Rosquilla de Brócoli,77
Rosquilla de Uva,107
Rosquilla de Granja,102
Rosquilla de Zanahoria,9
Rosquilla de Galleta,2
Rosquilla de Bagel,86
Rosquilla de Queso,69
Rosquilla de Maíz,56
Rosquilla de Tocino,80
Rosquilla de Miel,87
Rosquilla de Filete,103
Rosquilla de Carne,49
Rosquilla de Uva,51
Rosquilla de Champiñones,46
Rosquilla de Tacos,9
Rosquilla de Banana,60
Rosquilla de Tacos,95
Rosquilla de Galleta,80
Rosquilla de Miel,51
Rosquilla de Uva,39
Rosquilla Vegana,101
Rosquilla de Bagel,66
Rosquilla de Tocino,77
Rosquilla de Bagel,40
Rosquilla de Galleta,109
Rosquilla de Champiñones,86
Rosquilla de Filete,14
Rosquilla Vegana,25
Rosquilla de Carne,26
Rosquilla de Maíz,49
Rosquilla de Queso,9
Rosquilla Vegana,83
Rosquilla de Bagel,91
Rosquilla de Galleta,44
Rosquilla de Fresa,46
Rosquilla de Maíz,46
Rosquilla de Brócoli,80
Rosquilla de Zanahoria,39
Rosquilla de Maíz,69
Rosquilla de Uva,20
Rosquilla de Galleta,106
Rosquilla de Filete,55
Rosquilla de Zanahoria,84
Rosquilla de Tacos,5
Rosquilla de Brócoli,48
Rosquilla de Fresa,6
Rosquilla de Granja,51
Rosquilla de Bagel,11
Rosquilla de Tacos,11
Rosquilla de Queso,104
Rosquilla de Hamburguesa,109
Rosquilla de Fresa,62
Rosquilla de Tacos,22
Rosquilla de Bagel,104
Rosquilla de Brócoli,71
Rosquilla de Hamburguesa,78
Rosquilla de Zanahoria,60
Rosquilla de Uva,9
Rosquilla de Tocino,44
Rosquilla de Granja,20
Rosquilla de Zanahoria,45
Rosquilla Vegana,93
Rosquilla de Zanahoria,1
Rosquilla de Champiñones,103
Rosquilla de Queso,83
Rosquilla de Uva,56
Rosquilla de Brócoli,14
Rosquilla de Zanahoria,74
Rosquilla de Banana,78
Rosquilla de Banana,101
Rosquilla de Granja,41
Rosquilla de Maíz,92
Rosquilla de Hamburguesa,55
Rosquilla de Hamburguesa,69
Rosquilla de Miel,84
Rosquilla de Miel,20
Rosquilla de Fresa,58
Rosquilla de Uva,17
Rosquilla de Banana,13
Rosquilla de Zanahoria,36
Rosquilla de Miel,53
Rosquilla de Filete,71
Rosquilla de Filete,88
Rosquilla de Bagel,8
Rosquilla de Filete,24
Rosquilla de Tacos,36
Rosquilla de Galleta,34
Rosquilla de Champiñones,17
Rosquilla Vegana,21
Rosquilla de Galleta,53
Rosquilla de Hamburguesa,52
Rosquilla de Banana,16
Rosquilla de Filete,13
Rosquilla de Hamburguesa,105
Rosquilla de Hamburguesa,85
Rosquilla Vegana,11
Rosquilla de Filete,33
Rosquilla de Brócoli,65
Rosquilla de Maíz,52
Rosquilla de Carne,19
Rosquilla de Tacos,86
Rosquilla de Granja,6
Rosquilla de Tocino,38
Rosquilla de Filete,21
Rosquilla de Hamburguesa,82
Rosquilla de Fresa,106
Rosquilla de Granja,80
Rosquilla de Carne,62
Rosquilla de Hamburguesa,38
Rosquilla de Filete,47
Rosquilla de Tacos,58
Rosquilla Vegana,55
Rosquilla de Queso,38
Rosquilla de Uva,92
Rosquilla de Granja,94
Rosquilla de Miel,58
Rosquilla de Carne,24
Rosquilla de Champiñones,94
Rosquilla de Galleta,23
Rosquilla de Brócoli,93
Rosquilla de Maíz,73
Rosquilla de Uva,16
Rosquilla de Tocino,86
Rosquilla de Hamburguesa,33
Rosquilla de Tacos,88
Rosquilla de Miel,79
Rosquilla de Fresa,97
Rosquilla de Hamburguesa,58
Rosquilla de Hamburguesa,81
Rosquilla Vegana,42
Rosquilla de Galleta,100
Rosquilla de Carne,73
Rosquilla de Maíz,48
Rosquilla de Filete,7
Rosquilla de Banana,103
Rosquilla de Granja,94
Rosquilla de Filete,14
Rosquilla de Tocino,101
Rosquilla de Galleta,24
Rosquilla de Galleta,40
Rosquilla de Banana,94
Rosquilla de Galleta,82
Rosquilla de Brócoli,65
Rosquilla de Bagel,2
Rosquilla de Fresa,81
Rosquilla Vegana,5
Rosquilla de Hamburguesa,81
Rosquilla de Queso,99
Rosquilla de Queso,76
Rosquilla de Brócoli,79
Rosquilla de Champiñones,100
Rosquilla de Hamburguesa,17
Rosquilla de Filete,18
Rosquilla de Uva,65
Rosquilla de Granja,17
Rosquilla de Tacos,95
Rosquilla de Galleta,100
Rosquilla de Carne,14
Rosquilla de Brócoli,87
Rosquilla de Maíz,39
Rosquilla de Carne,89
Rosquilla de Zanahoria,89
Rosquilla de Hamburguesa,97
Rosquilla de Hamburguesa,62
Rosquilla de Champiñones,15
Rosquilla de Filete,80
Rosquilla de Banana,47
Rosquilla de Granja,35
Rosquilla de Hamburguesa,1
Rosquilla de Hamburguesa,74
Rosquilla de Filete,50
Rosquilla Vegana,74
Rosquilla de Fresa,65
Rosquilla de Queso,66
Rosquilla Vegana,24
Rosquilla de Uva,54
Rosquilla de Miel,37
Rosquilla de Zanahoria,73
Rosquilla de Maíz,52
Rosquilla de Fresa,39
Rosquilla de Filete,15
Rosquilla de Fresa,71
Rosquilla de Uva,58
Rosquilla de Zanahoria,79
Rosquilla de Uva,47
Rosquilla de Queso,41
Rosquilla de Galleta,31
Rosquilla de Fresa,19
Rosquilla de Galleta,51
Rosquilla de Granja,27
Rosquilla de Brócoli,73
Rosquilla de Queso,103
Rosquilla de Tacos,19
Rosquilla de Carne,60
Rosquilla de Granja,104
Rosquilla Vegana,90
Rosquilla de Zanahoria,76
Rosquilla de Granja,99
Rosquilla de Champiñones,23
Rosquilla Vegana,107
Rosquilla de Filete,89
Rosquilla de Brócoli,87
Rosquilla de Fresa,89
Rosquilla de Zanahoria,96
Rosquilla de Miel,44
Rosquilla de Queso,35
Rosquilla de Filete,64
