ID de Estudiante,Género,Edad,Nivel Socioeconómico,Ciudad,Nota Promedio Lenguaje y Comunicación,Nota Promedio Matemática
1,Femenino,15,Medio,Santiago,6.8,5.4
2,Masculino,15,Alto,Viña del Mar,5.9,5.5
3,Femenino,16,Bajo,Temuco,6.9,6.3
4,Masculino,16,Medio,La Serena,6.1,6.2
5,Femenino,18,Bajo,Antofagasta,6.5,5.7
6,Masculino,17,Alto,Concepción,5.8,4.9
7,Femenino,18,Medio,Valparaíso,5.5,4.6
8,Masculino,17,Bajo,Rancagua,6.2,5.3
9,Femenino,18,Alto,Puerto Montt,5.9,4.9
10,Masculino,16,Bajo,Copiapó,6.7,6.6
11,Masculino,16,Bajo,Santiago,7,6
12,Masculino,17,Alto,Viña del Mar,6.7,6.6
13,Masculino,16,Medio,Temuco,6.6,6.9
14,Masculino,18,Bajo,La Serena,5.6,5.7
15,Femenino,15,Alto,Antofagasta,6.6,5.4
16,Femenino,15,Bajo,Concepción,4.7,3.8
17,Masculino,17,Medio,Valparaíso,6.4,6.7
18,Femenino,18,Medio,Rancagua,5.2,4.7
19,Femenino,18,Alto,Puerto Montt,5.1,4.1
20,Femenino,15,Alto,Copiapó,6.8,6.1
21,Femenino,16,Medio,Santiago,5.4,5.1
22,Femenino,15,Alto,Viña del Mar,5.1,4.8
23,Femenino,17,Medio,Temuco,6.3,5.2
24,Femenino,18,Medio,La Serena,6.3,5
25,Masculino,18,Medio,Antofagasta,5,4.4
26,Femenino,17,Alto,Concepción,6.8,6.1
27,Femenino,17,Medio,Valparaíso,4.8,4.1
28,Masculino,16,Bajo,Rancagua,5.3,4.8
29,F,17,Medio,Puerto Montt,5.2,5.3
30,Femenino,18,Bajo,Copiapó,5.8,4.9
31,Femenino,15,Alto,Santiago,6.9,5.5
32,Masculino,18,Alto,Viña del Mar,5.6,5.5
33,Masculino,18,Medio,Temuco,5.8,5
34,Masculino,17,Medio,La Serena,4.8,4.6
35,Masculino,16,Alto,Antofagasta,6.2,6.1
36,Femenino,15,Medio,Concepción,6.4,5.4
37,Masculino,18,Medio,Valparaíso,5.6,5.3
38,Femenino,15,Alto,Rancagua,4.9,4.3
39,Masculino,17,Alto,Puerto Montt,5.1,4.8
40,Masculino,17,Alto,Copiapó,5.2,5.3
41,Femenino,18,Bajo,Santiago,5.1,4.7
42,Femenino,16,Bajo,Viña del Mar,4.7,4
43,Masculino,18,Medio,Temuco,6.1,5.5
44,Masculino,18,Bajo,La Serena,5.1,4.4
45,Femenino,15,Medio,Antofagasta,5.1,3.9
46,Femenino,16,Alto,Concepción,5.1,4.6
47,Femenino,17,Alto,Valparaíso,6.4,5.4
48,Masculino,15,Medio,Rancagua,4.6,4.3
49,Masculino,15,Alto,Puerto Montt,6.2,5.8
50,Masculino,17,Medio,Copiapó,4.8,4.6
51,Femenino,15,Medio,Santiago,5.1,4.4
52,Masculino,18,Medio,Viña del Mar,5.2,5.1
53,Masculino,16,Alto,Temuco,7,6.2
54,Femenino,18,Bajo,La Serena,4.9,4.3
55,Masculino,17,Bajo,Antofagasta,6.1,5.2
56,Masculino,15,Alto,Concepción,5.5,4.8
57,M,17,Medio,Valparaíso,5.4,5.2
58,Femenino,18,Medio,Rancagua,4.6,3.6
59,Femenino,16,Alto,Puerto Montt,5.9,4.9
60,Femenino,17,Alto,Copiapó,6.5,5.3
61,Femenino,17,Bajo,Santiago,4.8,4.4
62,Masculino,17,Medio,Viña del Mar,5.6,5.1
63,Masculino,16,Alto,Temuco,6.1,6.4
64,Femenino,15,Bajo,La Serena,6.3,5
65,Femenino,16,Medio,Antofagasta,5.6,4.6
66,Masculino,18,Alto,Concepción,5.7,4.9
67,Masculino,18,Medio,Valparaíso,5.8,5.2
68,Femenino,17,Alto,Rancagua,4.6,4.2
69,Femenino,17,Medio,Puerto Montt,5.1,4.6
70,Femenino,18,Medio,Copiapó,5.9,4.8
71,Masculino,17,Alto,Santiago,6.7,5.8
72,Masculino,16,Medio,Viña del Mar,6,5.6
73,Masculino,18,Alto,Temuco,6.2,5.6
74,Masculino,16,Medio,La Serena,4.9,4.4
75,Femenino,17,Medio,Antofagasta,6.2,4.9
76,Femenino,17,Alto,Concepción,6.4,5.9
77,Femenino,17,Alto,Valparaíso,6.5,5.7
78,Masculino,18,Medio,Rancagua,5.8,5.6
79,Masculino,17,Alto,Puerto Montt,6.3,6.6
80,Masculino,15,Alto,Copiapó,6.1,5.2
81,Masculino,18,Bajo,Santiago,5.7,5
82,Masculino,18,Alto,Viña del Mar,5.5,5.2
83,Masculino,18,Bajo,Temuco,6.1,5.9
84,Femenino,16,Bajo,La Serena,5.4,4.5
85,Femenino,16,Alto,Antofagasta,5.7,5
86,Masculino,16,Alto,Concepción,6.8,6.4
87,Femenino,17,Medio,Valparaíso,5.4,4.8
88,Femenino,17,Medio,Rancagua,5.4,4.9
89,M,15,Medio,Puerto Montt,5.2,4.8
90,Femenino,15,Medio,Copiapó,5.5,4.5
91,Masculino,18,Medio,Santiago,5.4,5.2
92,Masculino,16,Alto,Viña del Mar,6.2,6.2
93,Masculino,18,Medio,Temuco,6.4,5.6
94,Masculino,18,Alto,La Serena,5.7,5.7
95,Femenino,18,Medio,Antofagasta,5,4.4
96,Masculino,15,Medio,Concepción,6.4,6.3
97,Masculino,17,Alto,Valparaíso,6.6,6.6
98,Masculino,17,Alto,Rancagua,6.2,6
99,Masculino,18,Alto,Puerto Montt,6.4,5.7
100,Masculino,16,Medio,Copiapó,6.2,6
101,Femenino,16,Bajo,Santiago,4.9,4.3
102,Masculino,17,Medio,Viña del Mar,4.9,5
103,Femenino,15,Medio,Temuco,5.2,4.5
104,Femenino,16,Bajo,La Serena,5.3,5
105,Femenino,15,Alto,Antofagasta,6.8,5.8
106,Femenino,18,Bajo,Concepción,4.8,4.5
107,Masculino,17,Medio,Valparaíso,5.9,5.1
108,Masculino,16,Medio,Rancagua,4.7,4.5
109,Femenino,17,Medio,Puerto Montt,5.9,5.2
110,Masculino,18,Medio,Copiapó,6.5,5.5
111,Masculino,17,Alto,Santiago,5.2,4.5
112,Femenino,16,Bajo,Viña del Mar,5.7,4.7
113,Femenino,17,Alto,Temuco,5.1,4.7
114,Masculino,15,Bajo,La Serena,6,5.4
115,Masculino,17,Alto,Antofagasta,6.9,5.9
116,Femenino,18,Medio,Concepción,6.6,5.3
117,Femenino,17,Alto,Valparaíso,5.3,4.7
118,Femenino,16,Medio,Rancagua,5.7,5.1
119,Femenino,16,Medio,Puerto Montt,4.9,4.2
120,Femenino,15,Alto,Copiapó,5.2,4.4
121,Femenino,17,Alto,Santiago,6.1,5.7
122,Masculino,16,Medio,Viña del Mar,6,6.2
123,Masculino,15,Alto,Temuco,5.5,5.3
124,Femenino,16,Alto,La Serena,6.1,4.9
125,Femenino,15,Alto,Antofagasta,6.8,6.1
126,Masculino,17,Bajo,Concepción,4.7,4.7
127,Masculino,16,Bajo,Valparaíso,5.9,5.7
128,Masculino,15,Bajo,Rancagua,5.6,5.3
129,Femenino,17,Medio,Puerto Montt,4.9,4.4
130,Masculino,15,Bajo,Copiapó,6.1,6.4
131,Masculino,16,Bajo,Santiago,5,5
132,Masculino,17,Medio,Viña del Mar,6.5,6.1
133,M,17,Medio,Temuco,6.4,5.6
134,Masculino,16,Alto,La Serena,6.9,6.8
135,Femenino,16,Alto,Antofagasta,6.6,5.1
136,Femenino,17,Medio,Concepción,5.7,4.5
137,Masculino,15,Medio,Valparaíso,5.3,5.1
138,Femenino,17,Bajo,Rancagua,5.6,5.2
139,Masculino,18,Medio,Puerto Montt,5.3,4.9
140,Femenino,15,Alto,Copiapó,6.5,5.4
141,M,17,Bajo,Santiago,5.3,5
142,Masculino,17,Medio,Viña del Mar,5.1,5
143,Masculino,17,Medio,Temuco,4.8,4.4
144,Masculino,15,Alto,La Serena,5.1,5.1
145,Femenino,15,Medio,Antofagasta,6.1,4.7
146,Femenino,17,Medio,Concepción,6.3,6
147,Femenino,16,Medio,Valparaíso,5.2,4.6
148,Femenino,17,Bajo,Rancagua,5.5,5.1
149,Femenino,18,Medio,Puerto Montt,5.7,4.4
150,M,16,Medio,Copiapó,5.6,5.5
151,Masculino,17,Medio,Santiago,5.8,5.6
152,Masculino,18,Medio,Viña del Mar,5.3,4.6
153,Femenino,16,Medio,Temuco,4.8,3.7
154,Femenino,16,Medio,La Serena,5.8,5
155,Masculino,16,Alto,Antofagasta,5,5.3
156,Masculino,16,Medio,Concepción,6.5,6.8
157,Femenino,16,Alto,Valparaíso,5.1,4.6
158,Femenino,16,Medio,Rancagua,5.8,4.8
159,Femenino,18,Alto,Puerto Montt,6.5,5.9
160,Femenino,17,Alto,Copiapó,6.6,5.3
161,Femenino,18,Alto,Santiago,6.9,6.5
162,Femenino,15,Alto,Viña del Mar,5.8,5.3
163,Femenino,17,Medio,Temuco,6.3,5
164,Masculino,15,Medio,La Serena,4.8,4.6
165,Femenino,18,Bajo,Antofagasta,4.9,4.1
166,Masculino,18,Medio,Concepción,6.4,5.6
167,Femenino,15,Medio,Valparaíso,5,4.3
168,Femenino,18,Medio,Rancagua,4.9,3.9
169,F,18,Bajo,Puerto Montt,5.4,5.6
170,Masculino,15,Bajo,Copiapó,6.1,5.7
171,Masculino,15,Bajo,Santiago,5.3,5.3
172,Femenino,18,Alto,Viña del Mar,6.9,6.5
173,Masculino,16,Alto,Temuco,5.2,4.5
174,Masculino,16,Alto,La Serena,5,4.4
175,Femenino,15,Bajo,Antofagasta,5.6,4.9
176,Masculino,17,Medio,Concepción,5,4.7
177,Masculino,15,Medio,Valparaíso,6,5.8
178,Masculino,16,Alto,Rancagua,4.8,4.7
179,Masculino,18,Bajo,Puerto Montt,5.9,5.7
180,Femenino,15,Alto,Copiapó,5.8,4.6
181,Femenino,17,Bajo,Santiago,5.3,4.6
182,M,18,Bajo,Viña del Mar,6.1,5.6
183,Masculino,15,Alto,Temuco,5.9,6
184,Femenino,18,Alto,La Serena,5.3,4.5
185,Masculino,18,Medio,Antofagasta,6.6,6.3
186,Femenino,16,Medio,Concepción,5.6,4.7
187,Femenino,17,Alto,Valparaíso,5.1,4.5
188,Masculino,17,Alto,Rancagua,5.8,5.3
189,Femenino,15,Alto,Puerto Montt,5.6,5.1
190,Femenino,15,Medio,Copiapó,5.6,4.9
191,M,15,Medio,Santiago,5.5,5
192,Masculino,15,Alto,Viña del Mar,5.7,5.8
193,Masculino,15,Medio,Temuco,6.2,6
194,Masculino,15,Bajo,La Serena,4.8,4.9
195,Masculino,16,Alto,Antofagasta,6.9,6.7
196,Femenino,18,Bajo,Concepción,5,3.9
197,Femenino,16,Bajo,Valparaíso,5.6,5.1
198,Femenino,16,Alto,Rancagua,5.1,4.3
199,M,18,Medio,Puerto Montt,6.4,6.1
200,Femenino,15,Alto,Copiapó,5.6,4.5
201,Masculino,16,Medio,Santiago,5.4,5.6
202,Femenino,16,Alto,Viña del Mar,6.2,4.9
203,Femenino,16,Medio,Temuco,6.2,5
204,Femenino,18,Alto,La Serena,5.1,4.7
205,Masculino,16,Alto,Antofagasta,6.9,6
206,Femenino,18,Medio,Concepción,5.8,4.7
207,Masculino,16,Medio,Valparaíso,6.4,5.5
208,Femenino,15,Alto,Rancagua,6.1,5.1
209,Masculino,18,Medio,Puerto Montt,5.1,5.2
210,Femenino,16,Medio,Copiapó,4.8,4
211,Femenino,18,Alto,Santiago,5,3.9
212,Femenino,18,Alto,Viña del Mar,5.8,4.8
213,Masculino,18,Alto,Temuco,6.1,5.7
214,Masculino,15,Medio,La Serena,5.2,4.7
215,Masculino,16,Medio,Antofagasta,6.2,6.5
216,Femenino,18,Bajo,Concepción,5.5,5
217,Masculino,15,Bajo,Valparaíso,5.2,4.5
218,Femenino,17,Bajo,Rancagua,4.7,4
219,Masculino,15,Medio,Puerto Montt,6.3,5.7
220,Femenino,18,Medio,Copiapó,5.2,4.2
221,Masculino,18,Medio,Santiago,5.1,4.6
222,Masculino,15,Alto,Viña del Mar,5,4.3
223,Masculino,17,Bajo,Temuco,5.1,4.8
224,Femenino,17,Alto,La Serena,6.1,4.9
225,Femenino,17,Alto,Antofagasta,5.9,4.8
226,Femenino,16,Medio,Concepción,5.4,4.5
227,Masculino,16,Alto,Valparaíso,5.9,5.4
228,Masculino,15,Medio,Rancagua,4.8,5
229,Masculino,18,Alto,Puerto Montt,5.6,5.7
230,Masculino,17,Medio,Copiapó,4.8,4.8
231,Masculino,17,Alto,Santiago,6.3,5.7
232,Masculino,16,Medio,Viña del Mar,6.3,5.4
233,Masculino,17,Alto,Temuco,6.9,6.6
234,Masculino,16,Alto,La Serena,6.3,5.7
235,Femenino,17,Alto,Antofagasta,6.2,5.4
236,Femenino,17,Medio,Concepción,6.6,5.1
237,Masculino,18,Alto,Valparaíso,5.2,4.8
238,Femenino,18,Medio,Rancagua,4.4,3.8
239,Masculino,18,Medio,Puerto Montt,5.9,5.9
240,Masculino,18,Bajo,Copiapó,5.1,4.7
241,Femenino,15,Medio,Santiago,5.4,4.9
242,Femenino,16,Medio,Viña del Mar,5.6,4.6
243,Femenino,16,Alto,Temuco,6.2,5.2
244,Masculino,18,Alto,La Serena,6.5,6.4
245,Femenino,18,Bajo,Antofagasta,5.6,5.1
246,Femenino,15,Medio,Concepción,6.1,5.1
247,Masculino,16,Alto,Valparaíso,6.9,7
248,Femenino,17,Alto,Rancagua,6.2,5.4
249,Masculino,16,Bajo,Puerto Montt,5.2,4.7
250,Femenino,17,Bajo,Copiapó,5.6,5.2
251,Masculino,16,Medio,Santiago,6.3,6.5
252,Masculino,17,Medio,Viña del Mar,5.5,5.7
253,Femenino,15,Medio,Temuco,5.4,4.3
254,Masculino,17,Medio,La Serena,5.2,4.9
255,Femenino,17,Alto,Antofagasta,5.9,5.4
256,Femenino,15,Medio,Concepción,5.8,4.7
257,Femenino,18,Bajo,Valparaíso,5.6,4.9
258,Masculino,16,Medio,Rancagua,4.9,4.9
259,F,17,Alto,Puerto Montt,5.1,4.8
260,Femenino,17,Bajo,Copiapó,6.1,5.6
261,Femenino,18,Medio,Santiago,5.1,4.6
262,M,17,Alto,Viña del Mar,5,4.7
263,Femenino,17,Medio,Temuco,6.2,5.6
264,Femenino,15,Medio,La Serena,6,4.8
265,Masculino,17,Alto,Antofagasta,6.8,5.8
266,Masculino,15,Alto,Concepción,6,5.4
267,Masculino,15,Medio,Valparaíso,5.4,5.4
268,Femenino,17,Bajo,Rancagua,5.3,5
269,Femenino,16,Medio,Puerto Montt,5.2,4.9
270,Femenino,16,Medio,Copiapó,5.2,4.9
271,Femenino,16,Bajo,Santiago,4.6,3.7
272,Masculino,15,Alto,Viña del Mar,6.8,6.3
273,Femenino,15,Medio,Temuco,6.4,5.2
274,Masculino,17,Bajo,La Serena,6.2,5.4
275,Femenino,16,Bajo,Antofagasta,5.7,5.3